,_algo,_code_bits,_ncodebooks,_quantize,corr,dataset,err,norm_mean,opq_iters,rel_err
0,PQ,8,8,,0.8744157402306558,LabelMe,-0.9977599151834671,True,,-0.5360437403700504
1,PQ,8,8,,0.8598926095336394,LabelMe,-0.8929922945439137,True,,-0.25411527453869326
2,PQ,8,8,,0.8721079552004632,LabelMe,-1.4380538090903665,True,,-0.42483185779611843
3,PQ,8,8,,0.8504713418439377,LabelMe,-0.3327116898485176,True,,-0.17700776611550473
4,PQ,8,8,,0.8614979714334546,LabelMe,-0.8928605080889631,True,,-0.40336028286168313
5,PQ,8,8,,0.857128634877114,LabelMe,-0.630843026795258,True,,-0.31745987022595107
6,PQ,8,8,,0.8731617650608493,LabelMe,-0.8784452798003004,True,,-0.2819597000511496
7,PQ,8,8,,0.8656575795181414,LabelMe,-1.1702344453837248,True,,-0.3057995093252079
8,PQ,8,8,,0.859936046896439,LabelMe,-1.6792888251519038,True,,-0.2547006762412166
9,PQ,8,8,,0.8654318254524616,LabelMe,-0.38150315844903826,True,,-0.7196905991075433
10,PQ,8,8,,0.8564508421915388,LabelMe,-0.7700915870791859,True,,-0.48825607553525463
11,PQ,8,8,,0.8696855428436207,LabelMe,-0.5009176495800071,True,,-0.4417596193958375
12,PQ,8,8,,0.853129878516894,LabelMe,-0.880221278631675,True,,-0.5501499839829886
13,PQ,8,8,,0.8406786205535666,LabelMe,-1.0683445023310298,True,,-0.4460685621794289
14,PQ,8,8,,0.8522489485555764,LabelMe,-1.056450975432446,True,,-0.3761551766592784
15,PQ,8,8,,0.8556956601248559,LabelMe,-1.1726690651560236,True,,-0.5069938454703662
16,PQ,8,8,,0.8675569052522154,LabelMe,-2.534788457534762,True,,-0.29728457259017627
17,PQ,8,8,,0.8629653344209016,LabelMe,-0.2377346607178909,True,,-0.36479092497301635
18,PQ,8,8,,0.8669723044770635,LabelMe,-1.7155004423126332,True,,-0.34679477106115053
19,PQ,8,8,,0.8491723879148992,LabelMe,-0.7095775499383076,True,,-0.5388551724461405
20,PQ,8,8,,0.8727271369925877,LabelMe,-1.6583338181711362,True,,-0.32585592003668656
21,PQ,8,8,,0.8667354928109782,LabelMe,-1.4925661272696298,True,,-0.5773303758095799
22,PQ,8,8,,0.8251440427034779,LabelMe,-1.0923076037942538,True,,-0.4808337745858643
23,PQ,8,8,,0.8571034999022742,LabelMe,-0.7885707758510079,True,,-0.3611743323409345
24,PQ,8,8,,0.8591996279758991,LabelMe,-0.886022141207568,True,,-0.5849964978553978
25,PQ,8,8,,0.8622022541038477,LabelMe,-1.3007211433066357,True,,-0.48519655073739393
26,PQ,8,8,,0.8634759388036102,LabelMe,-1.0769316332475074,True,,-0.5172801114066528
27,PQ,8,8,,0.8638775885902664,LabelMe,-2.224892541349348,True,,-0.31827932693692196
28,PQ,8,8,,0.8663568622282039,LabelMe,-1.0501130750101537,True,,-0.37225151296021414
29,PQ,8,8,,0.8604830688326717,LabelMe,-0.7391305656778371,True,,-0.34913120784763696
30,PQ,8,8,,0.8625741201801641,LabelMe,-1.3599179480654975,True,,-0.2540762608689621
31,PQ,8,8,,0.868467329963128,LabelMe,-1.4611674952436737,True,,-0.5022392211300821
32,PQ,8,8,,0.8659645416470144,LabelMe,-1.121185492747852,True,,-0.4563794806519961
33,PQ,8,8,,0.87232448843847,LabelMe,-0.8466921935258902,True,,-0.3249826117305651
34,PQ,8,8,,0.8649897332355972,LabelMe,-1.9309713389303815,True,,-0.4512200751862315
35,PQ,8,8,,0.8634644629597747,LabelMe,-2.5231566499393727,True,,-0.3972692526474306
36,PQ,8,8,,0.8629220831681298,LabelMe,-1.7381317107216385,True,,-0.5871896428619372
37,PQ,8,8,,0.8344601203028696,LabelMe,-1.7440028601074968,True,,-0.3232060302749001
38,PQ,8,8,,0.8613248517891385,LabelMe,-1.9273310497946436,True,,-0.5291420882002232
39,PQ,8,8,,0.8537843570698654,LabelMe,-2.148047645224886,True,,-0.33951569062611014
40,PQ,8,8,,0.8583947017480672,LabelMe,-0.6322464319512746,True,,-0.5422936653775151
41,PQ,8,8,,0.8663870292580081,LabelMe,-0.5724615456855686,True,,-0.6233982980358728
42,PQ,8,8,,0.8642420512634867,LabelMe,-0.6213817632219287,True,,-0.2207310877916361
43,PQ,8,8,,0.8569402355418022,LabelMe,-1.000280237885796,True,,-0.4417901400649864
44,PQ,8,8,,0.8675498695955488,LabelMe,-0.09555384276969581,True,,-0.5265210302724554
45,PQ,8,8,,0.859980550702639,LabelMe,-0.5637927195290211,True,,-0.4055506175123708
46,PQ,8,8,,0.8683800392241734,LabelMe,-0.6314538967721806,True,,-0.35517177026039565
47,PQ,8,8,,0.86974084283949,LabelMe,-0.49721160076038506,True,,-0.3080580452985845
48,PQ,8,8,,0.8145914161185723,LabelMe,-1.0101243260193509,True,,-0.4199014942309207
49,PQ,8,8,,0.8781893226598708,LabelMe,-0.4347628223966531,True,,-0.5278006917531629
50,PQ,8,8,,0.8681289015558322,LabelMe,-1.1613286865728165,True,,-0.5504714041361589
51,PQ,8,8,,0.8707861075289645,LabelMe,-0.36053099843656455,True,,-0.3425503850427791
52,PQ,8,8,,0.8428859433698312,LabelMe,-1.1858010235331635,True,,-0.3782951718597569
53,PQ,8,8,,0.8723415310072548,LabelMe,-2.277620242491368,True,,-0.2317840472676641
54,PQ,8,8,,0.8486161796756253,LabelMe,-0.6826315085166401,True,,-0.24113226408236899
55,PQ,8,8,,0.8573956448840632,LabelMe,-0.8815246559353691,True,,-0.44686137910207624
56,PQ,8,8,,0.8760293932859771,LabelMe,-1.2961642489030827,True,,-0.36239497564830975
57,PQ,8,8,,0.8654889883405491,LabelMe,-0.41586035698720036,True,,-0.43070753725400374
58,PQ,8,8,,0.8748091400771328,LabelMe,-1.860535299034056,True,,-0.4785262695365842
59,PQ,8,8,,0.8511881249692963,LabelMe,-0.97273012326448,True,,-0.38675164025348013
60,PQ,8,8,,0.6402423101765866,LabelMe,-0.9970884967951839,True,,-0.3777205776250914
61,PQ,8,8,,0.8689037234522288,LabelMe,-0.24368709312237757,True,,-0.41925704429437755
62,PQ,8,8,,0.8646856565581501,LabelMe,-0.3503431565682944,True,,-0.3400799777548123
63,PQ,8,8,,0.86790517172379,LabelMe,-3.2778804054577027,True,,-0.49746756653364355
64,PQ,8,8,,0.8576589485543,LabelMe,-0.494341298644418,True,,-0.40217731993298206
65,PQ,8,8,,0.8610199995831308,LabelMe,-1.0618033933466857,True,,-0.5735684386763852
66,PQ,8,8,,0.8509650921945864,LabelMe,-1.1580559008517617,True,,-0.6294154173358231
67,PQ,8,8,,0.8282548617263751,LabelMe,-2.228755297880291,True,,-0.5584906557922692
68,PQ,8,8,,0.8434501741414986,LabelMe,-1.1032847023971026,True,,-0.49782634836043443
69,PQ,8,8,,0.8437788416108982,LabelMe,-1.2166655492322125,True,,-0.5166227681927107
70,PQ,8,8,,0.860797389437492,LabelMe,-1.41913680699659,True,,-0.4451187819276906
71,PQ,8,8,,0.8566491731747997,LabelMe,-1.4717766028120916,True,,-0.3358749629007016
72,PQ,8,8,,0.8445927435436875,LabelMe,-0.9256683850322247,True,,-0.3625818689116745
73,PQ,8,8,,0.8659676454854933,LabelMe,-0.6618035888277393,True,,-0.46767832001894205
74,PQ,8,8,,0.8498977434451374,LabelMe,-1.2162648086913415,True,,-0.5077009411175162
75,PQ,8,8,,0.8615571075529334,LabelMe,-0.37737790878767474,True,,-0.5492209202618341
76,PQ,8,8,,0.8167392215292443,LabelMe,-0.5855343562852824,True,,-0.4349705197095751
77,PQ,8,8,,0.8427735722128599,LabelMe,-1.2765175181835429,True,,-0.4581375071270051
78,PQ,8,8,,0.8280780232347568,LabelMe,-1.0508014811366775,True,,-0.324170219673492
79,PQ,8,8,,0.8609451436209893,LabelMe,-1.8127529024526647,True,,-0.4372858129388693
80,PQ,8,8,,0.8513214792996615,LabelMe,-0.7784184810424917,True,,-0.36308784404716404
81,PQ,8,8,,0.8195046198487487,LabelMe,-1.8272645483909384,True,,-0.3528165235202282
82,PQ,8,8,,0.819813535971547,LabelMe,-0.4729359399536843,True,,-0.4351269101312
83,PQ,8,8,,0.8303684041765217,LabelMe,-1.7506092853950386,True,,-0.5460636489885412
84,PQ,8,8,,0.804752147128602,LabelMe,-0.6021313555273788,True,,-0.2553193744318124
85,PQ,8,8,,0.8290101582577328,LabelMe,-0.4190383341786794,True,,-0.434978631788022
86,PQ,8,8,,0.8490866552702312,LabelMe,-0.3139598588529895,True,,-0.4040790772783032
87,PQ,8,8,,0.7827705451775853,LabelMe,-1.509685198765033,True,,-0.5927006844254605
88,PQ,8,8,,0.8202382881722468,LabelMe,-0.783887509535186,True,,-0.5443030805383349
89,PQ,8,8,,0.8541738537542942,LabelMe,-1.7238847130254422,True,,-0.30366419055867966
90,PQ,8,8,,0.8236113462728748,LabelMe,-0.3299636073572394,True,,-0.45339237246446534
91,PQ,8,8,,0.8661709262400138,LabelMe,-1.445345008747759,True,,-0.19981512717092248
92,PQ,8,8,,0.8352733871429544,LabelMe,-0.20428242284479992,True,,-0.49635555918515617
93,PQ,8,8,,0.844435425805672,LabelMe,-0.6632135989638388,True,,-0.4399964066633832
94,PQ,8,8,,0.8453904737801847,LabelMe,-0.8532662374616204,True,,-0.35389883240228776
95,PQ,8,8,,0.8244163352714475,LabelMe,-0.5309974161768338,True,,-0.5213243069482595
96,PQ,8,8,,0.8336430602030976,LabelMe,-0.5871014225478361,True,,-0.3480594987901094
97,PQ,8,8,,0.8413375873425843,LabelMe,-1.2680665878964614,True,,-0.2513053716577922
98,PQ,8,8,,0.8445014824109273,LabelMe,-0.6027148030028675,True,,-0.5515826589317451
99,PQ,8,8,,0.8347354244064273,LabelMe,-0.676180407679591,True,,-0.3464287808745904
100,PQ,8,8,,0.8291481639850685,LabelMe,-1.1407428821818035,True,,-0.4820609014490223
101,PQ,8,8,,0.8348692727916367,LabelMe,-1.6935692766797403,True,,-0.4600755774926669
102,PQ,8,8,,0.7035823529650794,LabelMe,-1.6791615328424685,True,,-0.48202459423153815
103,PQ,8,8,,0.8415933799177159,LabelMe,-0.9090999567171121,True,,-0.501302296099562
104,PQ,8,8,,0.8384136126181088,LabelMe,-0.8384324408743857,True,,-0.39411520496530933
105,PQ,8,8,,0.8308685621046091,LabelMe,-0.5018666098301194,True,,-0.4429136141458242
106,PQ,8,8,,0.8579628490478067,LabelMe,-0.7923061026941949,True,,-0.4511034716682175
107,PQ,8,8,,0.8500794298474669,LabelMe,-0.776651414087947,True,,-0.4651033568266277
108,PQ,8,8,,0.8234700877492596,LabelMe,-0.6453415560383862,True,,-0.36101736496692505
109,PQ,8,8,,0.8666193224027284,LabelMe,-0.8735566199879214,True,,-0.3631548525992023
110,PQ,8,8,,0.8433567469486718,LabelMe,-1.145555396244336,True,,-0.43266784548508314
111,PQ,8,8,,0.8555877709250165,LabelMe,-0.6284429852902051,True,,-0.41789216050675254
112,PQ,8,8,,0.8697648767621545,LabelMe,-1.062882415876032,True,,-0.40394796233356733
113,PQ,8,8,,0.838195318280036,LabelMe,-2.6287486656963237,True,,-0.46682264265301837
114,PQ,8,8,,0.8519796755079672,LabelMe,-1.4709374165471654,True,,-0.23028204482303413
115,PQ,8,8,,0.8363884876084416,LabelMe,-1.6677987654873963,True,,-0.5138600190662078
116,PQ,8,8,,0.7142428687152322,LabelMe,-0.19089286007010653,True,,-0.4894650145458622
117,PQ,8,8,,0.8200063984160908,LabelMe,-1.2774325059424438,True,,-0.20689575003230226
118,PQ,8,8,,0.8417762886453236,LabelMe,-1.9797919736848208,True,,-0.353908167224891
119,PQ,8,8,,0.8506823749183677,LabelMe,-0.41256800628339585,True,,-0.3120758095343295
120,PQ,8,8,,0.8418915321349357,LabelMe,-0.45811158356561366,True,,-0.5272805620547643
121,PQ,8,8,,0.8509989208069781,LabelMe,-0.5968365760134342,True,,-0.1745773426559653
122,PQ,8,8,,0.7998137147965774,LabelMe,-1.1138830870570224,True,,-0.14746247168426116
123,PQ,8,8,,0.7671228922025346,LabelMe,-3.0128555665152765,True,,-0.31489485433905934
124,PQ,8,8,,0.8520805898875621,LabelMe,-0.6645937353845368,True,,-0.3476849545915937
125,PQ,8,8,,0.8579076279503611,LabelMe,-0.25670885334765015,True,,-0.2413120393103794
126,PQ,8,8,,0.7892027238224757,LabelMe,-1.0887321080773522,True,,-0.41717161828116633
127,PQ,8,8,,0.833829304359567,LabelMe,-0.7782891718596439,True,,-0.5264603859813852
128,PQ,8,16,,0.9324731784473304,LabelMe,-0.9952492757572236,True,,-0.20521022644925296
129,PQ,8,16,,0.9288061023024087,LabelMe,-1.4026120440359544,True,,-0.3337135117786292
130,PQ,8,16,,0.9366809211137538,LabelMe,-1.9973466956954726,True,,-0.4234279674682604
131,PQ,8,16,,0.9264744402047064,LabelMe,-0.9737811284677331,True,,-0.1823155947783501
132,PQ,8,16,,0.9263316196645445,LabelMe,-0.8278094306056454,True,,-0.4939523668656476
133,PQ,8,16,,0.9222263139680028,LabelMe,-0.963275935848551,True,,-0.08452160949245115
134,PQ,8,16,,0.928401631118107,LabelMe,-0.553914463083323,True,,-0.5017737425550011
135,PQ,8,16,,0.9280530465391297,LabelMe,-0.7246394196345439,True,,-0.4382288939243579
136,PQ,8,16,,0.9268834116144983,LabelMe,-0.05955578223736957,True,,-0.25877938980975573
137,PQ,8,16,,0.9278036914015755,LabelMe,-0.9424049002247039,True,,-0.2625373328356455
138,PQ,8,16,,0.9197767273294326,LabelMe,-2.178462484665383,True,,-0.41832241437682194
139,PQ,8,16,,0.9320503136386059,LabelMe,-0.521014622256688,True,,-0.4528221900997373
140,PQ,8,16,,0.9167352753925485,LabelMe,-0.6543942918826837,True,,-0.3360015969357873
141,PQ,8,16,,0.9155418932349365,LabelMe,-1.9522627162468966,True,,-0.2533956154107056
142,PQ,8,16,,0.9174572594090755,LabelMe,-1.2629010244174035,True,,-0.2542550290462809
143,PQ,8,16,,0.919180582977824,LabelMe,-0.3973754664803901,True,,-0.13607904070468355
144,PQ,8,16,,0.927054704923677,LabelMe,-1.910762802934587,True,,-0.37775384788235705
145,PQ,8,16,,0.9236804616782959,LabelMe,-0.8452631562941348,True,,-0.38445796963112144
146,PQ,8,16,,0.9280674563756295,LabelMe,-1.1901156734691538,True,,-0.3239737876406256
147,PQ,8,16,,0.9201307566618736,LabelMe,-1.3894686526177988,True,,-0.41024653917749987
148,PQ,8,16,,0.9276845425012461,LabelMe,-1.1367916172979258,True,,-0.34616381290020665
149,PQ,8,16,,0.924477377136965,LabelMe,-1.1746391695350464,True,,-0.1284609748564686
150,PQ,8,16,,0.9076289581893695,LabelMe,-0.14492252098461433,True,,-0.3575836197435616
151,PQ,8,16,,0.9204824824351239,LabelMe,-0.30476419304236857,True,,-0.3848606339355611
152,PQ,8,16,,0.9215163631328948,LabelMe,-1.1117190991186008,True,,-0.15930885136654413
153,PQ,8,16,,0.9266144916544284,LabelMe,-0.5335362918949422,True,,-0.4449118862152031
154,PQ,8,16,,0.9233812171628462,LabelMe,-0.39262370309048533,True,,-0.3829206572255627
155,PQ,8,16,,0.930657548867556,LabelMe,-1.0713754666774704,True,,-0.2366772536715462
156,PQ,8,16,,0.9256978804318639,LabelMe,-1.5090209966161945,True,,-0.22469845453068835
157,PQ,8,16,,0.9251385901229947,LabelMe,-0.5118230532313677,True,,-0.07397620025868268
158,PQ,8,16,,0.9227853737977793,LabelMe,-0.2931622487526814,True,,-0.30573361876373345
159,PQ,8,16,,0.9249701071113842,LabelMe,-1.3577996820366236,True,,-0.4186483690736782
160,PQ,8,16,,0.9256711336746952,LabelMe,-0.31561602963886903,True,,-0.2868533982754198
161,PQ,8,16,,0.9286229225545839,LabelMe,-1.4791891209261587,True,,-0.3701142087046304
162,PQ,8,16,,0.930598851233654,LabelMe,-0.2683167098032615,True,,-0.3681040118359261
163,PQ,8,16,,0.935069654848561,LabelMe,-1.0373828242981005,True,,-0.20553598699126052
164,PQ,8,16,,0.9278537393849707,LabelMe,-0.801639712610333,True,,-0.4438688492028492
165,PQ,8,16,,0.9148539447941417,LabelMe,-1.0161675471679135,True,,-0.28662508431272027
166,PQ,8,16,,0.9253921340668981,LabelMe,-0.6417631029415851,True,,-0.2422461711060229
167,PQ,8,16,,0.9172821956620875,LabelMe,-1.5715015376106898,True,,-0.30086421684128845
168,PQ,8,16,,0.9220379783768275,LabelMe,-0.7374950053542615,True,,-0.2488490686929825
169,PQ,8,16,,0.9287919679667465,LabelMe,-0.7591158501490942,True,,-0.32340486555817216
170,PQ,8,16,,0.9264061298582003,LabelMe,-0.09598231221719189,True,,-0.2862195461963429
171,PQ,8,16,,0.9332273167699833,LabelMe,-0.7717363200913239,True,,-0.19470464550210087
172,PQ,8,16,,0.9266727270215328,LabelMe,-0.745363057901582,True,,-0.2530245489516586
173,PQ,8,16,,0.9295379680533339,LabelMe,-1.239558921530215,True,,-0.17090632012285215
174,PQ,8,16,,0.9296090469706747,LabelMe,-0.2857754476517347,True,,-0.22839220585937126
175,PQ,8,16,,0.9305261474417654,LabelMe,-0.22389042650485436,True,,-0.4708698712430815
176,PQ,8,16,,0.8984142453250724,LabelMe,-1.5037351360221902,True,,-0.3313332682628285
177,PQ,8,16,,0.9371489503748981,LabelMe,-0.42675540535589507,True,,-0.3098286081310109
178,PQ,8,16,,0.9267458368861425,LabelMe,-1.1691195915267703,True,,-0.3359778578247011
179,PQ,8,16,,0.92730894568905,LabelMe,-0.5513240154284276,True,,-0.27314267791342883
180,PQ,8,16,,0.9169999650214052,LabelMe,-1.0537085137059972,True,,-0.28032733139218097
181,PQ,8,16,,0.9316524319216323,LabelMe,-0.7243399758289657,True,,-0.23002504819235253
182,PQ,8,16,,0.9143068262306302,LabelMe,-0.740056225217474,True,,-0.29104327357241827
183,PQ,8,16,,0.9217470392183242,LabelMe,-0.9644346118229885,True,,-0.2594981153132797
184,PQ,8,16,,0.9340854084913229,LabelMe,-0.5814123864482708,True,,-0.398640234698653
185,PQ,8,16,,0.9297954094294115,LabelMe,-1.2056497101216181,True,,-0.30660740008323023
186,PQ,8,16,,0.9304957118548894,LabelMe,-0.6199161036390648,True,,-0.27183396378538427
187,PQ,8,16,,0.915175331641653,LabelMe,-0.9262702804963991,True,,-0.17141871587151955
188,PQ,8,16,,0.8436678308636885,LabelMe,-0.12141735396880327,True,,-0.26814593080799454
189,PQ,8,16,,0.9288997759193813,LabelMe,-1.0743461396879694,True,,-0.32695949900035276
190,PQ,8,16,,0.9280270896667667,LabelMe,-0.2915284322647844,True,,-0.3424545175524004
191,PQ,8,16,,0.9261438298541985,LabelMe,-0.5638521148307618,True,,-0.3676855639079774
192,PQ,8,16,,0.9282000081719185,LabelMe,-0.21544470835783147,True,,-0.38201460873950027
193,PQ,8,16,,0.9187266746405941,LabelMe,-1.705896669053025,True,,-0.2811737994948053
194,PQ,8,16,,0.9181132429062537,LabelMe,-0.7191373161079206,True,,-0.1300854939286442
195,PQ,8,16,,0.90833891009361,LabelMe,-0.26392843316088554,True,,-0.30868004867524745
196,PQ,8,16,,0.9167743076823321,LabelMe,-0.38160291672225677,True,,-0.4400421957402932
197,PQ,8,16,,0.9181321459357489,LabelMe,-0.6289216369840829,True,,-0.3835339581386499
198,PQ,8,16,,0.9188491564026791,LabelMe,-0.41513921498150186,True,,-0.2677380995378198
199,PQ,8,16,,0.9204114283371455,LabelMe,-0.47477607595711724,True,,-0.28689257564236764
200,PQ,8,16,,0.918313824007195,LabelMe,-0.6883741904428078,True,,-0.2967205518409534
201,PQ,8,16,,0.9270208628641977,LabelMe,-0.28795584649790174,True,,-0.1430786297367461
202,PQ,8,16,,0.9155882050947102,LabelMe,-0.8397269419123945,True,,-0.337423142337952
203,PQ,8,16,,0.9271335649755268,LabelMe,-0.6030914237337954,True,,-0.31726812930200793
204,PQ,8,16,,0.9005519446403386,LabelMe,-0.11169616778388591,True,,-0.3287170049698882
205,PQ,8,16,,0.9160977071941817,LabelMe,-0.944462039758375,True,,-0.3638752659873254
206,PQ,8,16,,0.9035943031035623,LabelMe,-0.5860110905612932,True,,-0.25618824219176667
207,PQ,8,16,,0.9256422952538943,LabelMe,-0.7159633718521594,True,,-0.16386028394988283
208,PQ,8,16,,0.9160637815320682,LabelMe,-0.6176168852743582,True,,-0.24505906196866692
209,PQ,8,16,,0.9060062551235102,LabelMe,-0.13777731683004935,True,,-0.2120999993480976
210,PQ,8,16,,0.9030475008776523,LabelMe,-0.377276725917449,True,,-0.33924655705674606
211,PQ,8,16,,0.913719641886635,LabelMe,-0.5258820271066877,True,,-0.23604345226203888
212,PQ,8,16,,0.8972400582502156,LabelMe,-0.7659736911442898,True,,-0.29475994560677976
213,PQ,8,16,,0.9080742577445978,LabelMe,-0.817742654500373,True,,-0.3125582977471826
214,PQ,8,16,,0.9125637933220335,LabelMe,-0.6008534765977858,True,,-0.28592440620906406
215,PQ,8,16,,0.8941725496712865,LabelMe,-0.21159424880525401,True,,-0.2864991377922085
216,PQ,8,16,,0.9045994135435516,LabelMe,-1.147692128829641,True,,-0.32975843835952884
217,PQ,8,16,,0.9176113310160985,LabelMe,-0.6066747259304672,True,,-0.413788566944896
218,PQ,8,16,,0.9077779425489818,LabelMe,-0.4467078462961711,True,,-0.4363549720140568
219,PQ,8,16,,0.925209070692783,LabelMe,-0.6823773507017936,True,,-0.4612107782251587
220,PQ,8,16,,0.9120447604064325,LabelMe,-0.7583090069474554,True,,-0.3258840528469477
221,PQ,8,16,,0.9122769607201562,LabelMe,-1.3113037995299992,True,,-0.3780871683056091
222,PQ,8,16,,0.9147324490316797,LabelMe,-0.46667338601682107,True,,-0.38543115609759515
223,PQ,8,16,,0.9039689253042371,LabelMe,-0.8241867848357955,True,,-0.319388557316888
224,PQ,8,16,,0.9063613086763165,LabelMe,-1.3184231253965044,True,,-0.3836671556370442
225,PQ,8,16,,0.9059250786070533,LabelMe,-1.2168643421891023,True,,-0.2561461781973433
226,PQ,8,16,,0.913620325241693,LabelMe,-0.9380803438005914,True,,-0.45219291595630257
227,PQ,8,16,,0.906433353321484,LabelMe,-0.5647344027614221,True,,-0.3842855790528441
228,PQ,8,16,,0.9035363672621194,LabelMe,-0.9582617125704807,True,,-0.32701839623613854
229,PQ,8,16,,0.9093860889351228,LabelMe,-0.40504019380718503,True,,-0.1702997989533043
230,PQ,8,16,,0.860016356966895,LabelMe,-0.7404063271823573,True,,-0.3461395881492334
231,PQ,8,16,,0.9152928050558653,LabelMe,-1.4964641380686192,True,,-0.3427187553036313
232,PQ,8,16,,0.9098098483567125,LabelMe,-0.3090420031754957,True,,-0.13264081235985012
233,PQ,8,16,,0.9040553525914019,LabelMe,-1.3981931401737007,True,,-0.3736055734378801
234,PQ,8,16,,0.923992513152028,LabelMe,-0.5310835261021953,True,,-0.04110807647754112
235,PQ,8,16,,0.9216063261306897,LabelMe,-0.6240112081226035,True,,-0.3400299476050005
236,PQ,8,16,,0.9060668220286872,LabelMe,-0.44363419364155665,True,,-0.3516278928750584
237,PQ,8,16,,0.9274968370089298,LabelMe,-0.5320118215877923,True,,-0.311273082559678
238,PQ,8,16,,0.9216871822261855,LabelMe,-0.2686927185260375,True,,-0.28812735522474237
239,PQ,8,16,,0.9225608392170969,LabelMe,-0.9261594794415589,True,,-0.2263229174082026
240,PQ,8,16,,0.9257197491400538,LabelMe,-1.9133517115092227,True,,-0.29782939829771476
241,PQ,8,16,,0.9090877016859765,LabelMe,-0.78676886593014,True,,-0.34159298686638034
242,PQ,8,16,,0.9162928086981726,LabelMe,-0.45196850696006496,True,,-0.23886973152306992
243,PQ,8,16,,0.9053322219450001,LabelMe,-0.671832234275775,True,,-0.06958432319851802
244,PQ,8,16,,0.8694904413064168,LabelMe,-0.7388465758125271,True,,-0.37473070730748936
245,PQ,8,16,,0.9072004731328038,LabelMe,-0.2936166251277177,True,,-0.36573302458776275
246,PQ,8,16,,0.9123845141912812,LabelMe,-0.12465534917088461,True,,-0.1436966740745134
247,PQ,8,16,,0.9213725042189176,LabelMe,-1.690519484970263,True,,-0.28357323988038363
248,PQ,8,16,,0.9166177550916983,LabelMe,-0.17144369351938904,True,,-0.38612747129895164
249,PQ,8,16,,0.9196587146307507,LabelMe,-0.1409644961835662,True,,-0.32992501839714905
250,PQ,8,16,,0.8980442638209492,LabelMe,-0.6799453948939722,True,,-0.3079897567459178
251,PQ,8,16,,0.8902094420509213,LabelMe,-0.5508334713331672,True,,-0.3569706688752948
252,PQ,8,16,,0.916945741445632,LabelMe,-0.43402661219013483,True,,-0.18076904174805516
253,PQ,8,16,,0.9197528947663055,LabelMe,-1.0341919896608118,True,,-0.3297465364399672
254,PQ,8,16,,0.8998720453730056,LabelMe,-0.7950727321145563,True,,-0.3808513439334666
255,PQ,8,16,,0.9052620681143798,LabelMe,-0.32185313241971825,True,,-0.285259685153172
256,PQ,8,32,,0.9502910624600003,LabelMe,-0.13121587400182877,True,,-0.2468569887464844
257,PQ,8,32,,0.9460190273758451,LabelMe,-0.4258158396054026,True,,-0.2901443246954071
258,PQ,8,32,,0.9538472575915405,LabelMe,-1.604902347126357,True,,-0.1022973961322715
259,PQ,8,32,,0.9474547843989248,LabelMe,-0.5410544684418834,True,,-0.29660698840692973
260,PQ,8,32,,0.9479811423012142,LabelMe,-0.23427384805911955,True,,-0.2979011476523235
261,PQ,8,32,,0.941081678539674,LabelMe,-0.18400490439874284,True,,-0.25080116536727715
262,PQ,8,32,,0.9473856630360296,LabelMe,-0.5993684197650708,True,,-0.21790181970117628
263,PQ,8,32,,0.9461649294923772,LabelMe,-0.5772629222078516,True,,-0.31067314847050975
264,PQ,8,32,,0.9458191051656266,LabelMe,-0.3250456529607757,True,,-0.1691709679671887
265,PQ,8,32,,0.9479475356840912,LabelMe,-0.055467822401629174,True,,-0.27114046729041197
266,PQ,8,32,,0.9411309496732178,LabelMe,-0.8499285364725895,True,,-0.39251136621379545
267,PQ,8,32,,0.9513296089833322,LabelMe,-0.24957123797238223,True,,-0.29904559009622816
268,PQ,8,32,,0.9410123776049858,LabelMe,-0.6375463178728027,True,,-0.275274675812735
269,PQ,8,32,,0.9386197058653375,LabelMe,-0.5118275830676462,True,,-0.2423638463737725
270,PQ,8,32,,0.9387669658135618,LabelMe,-0.6747596921367229,True,,-0.29918927663873857
271,PQ,8,32,,0.9402010303618885,LabelMe,-0.18479695766910864,True,,-0.11830360848660801
272,PQ,8,32,,0.9476997340016599,LabelMe,-0.2161602661020401,True,,-0.04627139235917716
273,PQ,8,32,,0.9427812270469523,LabelMe,-0.19539025776824204,True,,-9.221703598639013e-05
274,PQ,8,32,,0.9465828878344484,LabelMe,-0.3487047553308522,True,,-0.27992038261040925
275,PQ,8,32,,0.9405418390816915,LabelMe,-1.3793583562631442,True,,-0.12854048726491354
276,PQ,8,32,,0.9463838077034685,LabelMe,-0.18526786118944794,True,,-0.376819651113864
277,PQ,8,32,,0.9442260669919432,LabelMe,-0.13339440368698874,True,,-0.17249169370584175
278,PQ,8,32,,0.9327753647170102,LabelMe,-0.3485872607792291,True,,-0.242213814814802
279,PQ,8,32,,0.94213980900993,LabelMe,-0.26207224208714974,True,,-0.06598702719769667
280,PQ,8,32,,0.9409285671071351,LabelMe,-0.537890249583227,True,,-0.32798057329984187
281,PQ,8,32,,0.9456964375795068,LabelMe,-0.40634997068334155,True,,-0.096895572319687
282,PQ,8,32,,0.943859959717324,LabelMe,-0.12878421039463328,True,,-0.26896688850458506
283,PQ,8,32,,0.9480352514412624,LabelMe,-0.18974697274349084,True,,-0.18269839341098743
284,PQ,8,32,,0.9433399767733709,LabelMe,-2.1554903674763843,True,,-0.3426028725459451
285,PQ,8,32,,0.9468173172428848,LabelMe,-0.40410537860834195,True,,-0.2524015466762264
286,PQ,8,32,,0.9433794114281733,LabelMe,-0.7097015762001739,True,,-0.17215131026733432
287,PQ,8,32,,0.9467124018661504,LabelMe,-0.2823610176330251,True,,-0.1507473448367616
288,PQ,8,32,,0.9455450267282025,LabelMe,-0.538340321064283,True,,-0.13066011625467014
289,PQ,8,32,,0.947623849844785,LabelMe,-0.31312261505304306,True,,-0.28512097669274966
290,PQ,8,32,,0.9491635615969711,LabelMe,-0.6836580883805956,True,,-0.16914277387114832
291,PQ,8,32,,0.9521502056215995,LabelMe,-0.6170274386838781,True,,-0.2144305312095995
292,PQ,8,32,,0.9472826205417186,LabelMe,-0.48100798933444433,True,,-0.19784905750288764
293,PQ,8,32,,0.9383045738555222,LabelMe,-0.25521065382331587,True,,-0.21140383324553993
294,PQ,8,32,,0.9442285455386398,LabelMe,-0.5195609893856885,True,,-0.14479600751860836
295,PQ,8,32,,0.9377549670474975,LabelMe,-0.9772456607349711,True,,-0.30157991078967633
296,PQ,8,32,,0.9433889030946695,LabelMe,-0.09903377336743957,True,,-0.26220517701487445
297,PQ,8,32,,0.9462476940320117,LabelMe,-2.124697661274421,True,,-0.14925525546551027
298,PQ,8,32,,0.9461780505538182,LabelMe,-0.23392996028505264,True,,-0.35184891132278023
299,PQ,8,32,,0.9507399081141382,LabelMe,-0.6001231870070227,True,,-0.34630476533719357
300,PQ,8,32,,0.9447290584601928,LabelMe,-0.19589971162185327,True,,-0.20262296183068487
301,PQ,8,32,,0.9489765412558645,LabelMe,-0.4633714946073537,True,,-0.30062979484549
302,PQ,8,32,,0.9495495387275594,LabelMe,-1.078501999212743,True,,-0.2716019359068808
303,PQ,8,32,,0.9493101976760085,LabelMe,-0.6875536004204545,True,,-0.4029650862191863
304,PQ,8,32,,0.926710098966204,LabelMe,-0.7933373800139893,True,,-0.19112525080268714
305,PQ,8,32,,0.9551336365431639,LabelMe,-0.21810532431488694,True,,-0.13838291404284497
306,PQ,8,32,,0.9445914528083678,LabelMe,-0.45792899981371193,True,,-0.31576492239318427
307,PQ,8,32,,0.9475139322514602,LabelMe,-0.6702457585157959,True,,-0.12134359048159883
308,PQ,8,32,,0.9378762239990539,LabelMe,-0.5733814428081367,True,,-0.19533452305968427
309,PQ,8,32,,0.9492944072648071,LabelMe,-0.21798997898923655,True,,-0.26833952844125175
310,PQ,8,32,,0.9374921430725667,LabelMe,-1.5185235790435985,True,,-0.2201458116736369
311,PQ,8,32,,0.9433701545618067,LabelMe,-0.5827439725302233,True,,-0.2687641406453164
312,PQ,8,32,,0.9508227219241665,LabelMe,-0.3302474172279446,True,,-0.1662506611823967
313,PQ,8,32,,0.947354737627368,LabelMe,-0.41976837922769716,True,,-0.23165118277650118
314,PQ,8,32,,0.948813549969363,LabelMe,-0.5786241943535617,True,,-0.21172375945494945
315,PQ,8,32,,0.93862175827125,LabelMe,-0.9679941882862697,True,,-0.22263015681245477
316,PQ,8,32,,0.8850090887320068,LabelMe,-1.3187495851843059,True,,-0.10808293086030746
317,PQ,8,32,,0.9471746339808403,LabelMe,-0.28617297597183255,True,,-0.41665303579182683
318,PQ,8,32,,0.9481153530539953,LabelMe,-0.8867545334499727,True,,-0.2339247401861589
319,PQ,8,32,,0.946502498340899,LabelMe,-0.5869362239560612,True,,-0.175663718645271
320,PQ,8,32,,0.9490638579236038,LabelMe,-0.5394840623677091,True,,-0.19152431354592403
321,PQ,8,32,,0.9380616099896444,LabelMe,-0.8021280417820456,True,,-0.2079564087026848
322,PQ,8,32,,0.9402141785680954,LabelMe,-0.5616159790692357,True,,-0.27009486598070415
323,PQ,8,32,,0.9308588102007671,LabelMe,-0.15569140744834598,True,,-0.33753633870025335
324,PQ,8,32,,0.9373255645418064,LabelMe,-0.2516809939102742,True,,-0.2371581969736057
325,PQ,8,32,,0.9373923641948392,LabelMe,-0.9298041072491405,True,,-0.27162438527382204
326,PQ,8,32,,0.9392897739945918,LabelMe,-0.30236603826444197,True,,-0.24845632806175436
327,PQ,8,32,,0.9417044988581031,LabelMe,-0.6002354042932656,True,,-0.26311640512538237
328,PQ,8,32,,0.9384087688579269,LabelMe,-0.5996236608260324,True,,-0.31963401931655777
329,PQ,8,32,,0.9467049464928553,LabelMe,-0.7611636347818327,True,,-0.21027112393207287
330,PQ,8,32,,0.9384849665382456,LabelMe,-0.1744845392228318,True,,-0.3116255276670869
331,PQ,8,32,,0.9456674333373224,LabelMe,-0.0695080968173557,True,,-0.3534520503361457
332,PQ,8,32,,0.9274387809458386,LabelMe,-0.4543463599573918,True,,-0.03706876115756463
333,PQ,8,32,,0.9386878027606349,LabelMe,-0.4544696122266436,True,,-0.3157926045262344
334,PQ,8,32,,0.9305265046017076,LabelMe,-0.9343363604941728,True,,-0.35886231349208597
335,PQ,8,32,,0.9460141093391368,LabelMe,-1.2193225101391172,True,,-0.2634930317996593
336,PQ,8,32,,0.9394213358147193,LabelMe,-0.19699564279252946,True,,-0.19345144501546957
337,PQ,8,32,,0.9306168406836404,LabelMe,-0.3246456009292462,True,,-0.32027008119018113
338,PQ,8,32,,0.9298682758196471,LabelMe,-0.5184594641411908,True,,-0.34780854566716796
339,PQ,8,32,,0.936904203744157,LabelMe,-0.6175082697837619,True,,-0.22542455848572923
340,PQ,8,32,,0.9238428107163348,LabelMe,-0.6109267729779075,True,,-0.15422730549813557
341,PQ,8,32,,0.9327820984678198,LabelMe,-0.13396204717782167,True,,-0.30188564963466347
342,PQ,8,32,,0.9350251925814625,LabelMe,-0.2924027569028995,True,,-0.3313935187682388
343,PQ,8,32,,0.922724199536763,LabelMe,-0.73176453130347,True,,-0.1598578962303811
344,PQ,8,32,,0.9326754207899266,LabelMe,-0.4091033522315728,True,,-0.19967598437107253
345,PQ,8,32,,0.9399714720312073,LabelMe,-1.1885082103189086,True,,-0.33892068591869906
346,PQ,8,32,,0.9317351475617675,LabelMe,-0.08765866692951385,True,,-0.17947284492845902
347,PQ,8,32,,0.9450479911931734,LabelMe,-0.4232769681606472,True,,-0.35894659376336924
348,PQ,8,32,,0.9364026461122372,LabelMe,-0.6074763576367186,True,,-0.28462489780213535
349,PQ,8,32,,0.9362295647658104,LabelMe,-0.555087263561878,True,,-0.24824863425817092
350,PQ,8,32,,0.9386206512744633,LabelMe,-0.5182997932261648,True,,-0.30386077150409563
351,PQ,8,32,,0.9276261262883139,LabelMe,-0.7042473426274407,True,,-0.15353796237785441
352,PQ,8,32,,0.9277309589100057,LabelMe,-0.5111574375217867,True,,-0.2622278225916423
353,PQ,8,32,,0.930462477312514,LabelMe,-1.3823495773632075,True,,-0.08300374835577143
354,PQ,8,32,,0.9362164002174431,LabelMe,-0.18793556397778244,True,,-0.2102550818565709
355,PQ,8,32,,0.929365797529764,LabelMe,-0.9692328902057845,True,,-0.23297529026135227
356,PQ,8,32,,0.9269204557324381,LabelMe,-1.0025504863409829,True,,-0.36248147305053713
357,PQ,8,32,,0.9333298266535625,LabelMe,-1.0187742306383147,True,,-0.266460384791403
358,PQ,8,32,,0.8940946958317905,LabelMe,-1.312418889203446,True,,-0.27046185043884374
359,PQ,8,32,,0.9373182397296361,LabelMe,-0.3835661134702524,True,,-0.29517171910141093
360,PQ,8,32,,0.9307346946978556,LabelMe,-0.5091248022178929,True,,-0.23917156647304988
361,PQ,8,32,,0.9294600923877534,LabelMe,-0.47159308972252045,True,,-0.021158040547404076
362,PQ,8,32,,0.9445929058946285,LabelMe,-0.23967356791497862,True,,-0.35201503358975933
363,PQ,8,32,,0.9412048685278519,LabelMe,-0.4259985729797835,True,,-0.11966892220402252
364,PQ,8,32,,0.9348597767393031,LabelMe,-0.05374878843559738,True,,-0.2638801233459417
365,PQ,8,32,,0.9478137848207175,LabelMe,-1.0558128892918441,True,,-0.05377926269230054
366,PQ,8,32,,0.9425452282003759,LabelMe,-0.4729366375945041,True,,-0.21446125780366507
367,PQ,8,32,,0.94358569740232,LabelMe,-0.32842640973563153,True,,-0.17483861738807555
368,PQ,8,32,,0.9476558659548332,LabelMe,-0.4006571771921381,True,,-0.2642793001916294
369,PQ,8,32,,0.9313128920282056,LabelMe,-0.8430788956861432,True,,-0.375253146096746
370,PQ,8,32,,0.9363582202582742,LabelMe,-1.4001250543337544,True,,-0.0850862915884512
371,PQ,8,32,,0.9282010233418799,LabelMe,-0.08464461665516998,True,,-0.23995993828066212
372,PQ,8,32,,0.9061514152008553,LabelMe,-0.7929564917871179,True,,-0.2822676714209779
373,PQ,8,32,,0.9288048582836976,LabelMe,-0.3763490621282517,True,,-0.20993509136941516
374,PQ,8,32,,0.9366211769809791,LabelMe,-0.1974988049532862,True,,-0.20824156515599568
375,PQ,8,32,,0.9413517728755856,LabelMe,-0.650750686790837,True,,-0.1803585634761996
376,PQ,8,32,,0.9370700046535501,LabelMe,-0.4450655533916752,True,,-0.2663533527213164
377,PQ,8,32,,0.9396424616341241,LabelMe,-0.3500809769409665,True,,-0.25725625424450715
378,PQ,8,32,,0.9236951708354194,LabelMe,-0.3569262327675915,True,,-0.30084933909084915
379,PQ,8,32,,0.9161433845805401,LabelMe,-0.6256486969094106,True,,-0.24323851743985453
380,PQ,8,32,,0.9382133057421748,LabelMe,-0.8200266111090277,True,,-0.02193799434162678
381,PQ,8,32,,0.9408082366694958,LabelMe,-0.7806677564242102,True,,-0.3181335219128264
382,PQ,8,32,,0.9260877097128895,LabelMe,-0.3369524370349508,True,,-0.25487096175228013
383,PQ,8,32,,0.9310211568187982,LabelMe,-0.45007827885293716,True,,-0.23606623995525464
384,OPQ,8,8,False,0.659397542476654,LabelMe,-0.27593374252319336,True,5.0,-0.47654351592063904
385,OPQ,8,8,False,0.6696773171424866,LabelMe,-0.13587331771850586,True,5.0,-0.4616548418998718
386,OPQ,8,8,False,0.632483184337616,LabelMe,-1.4650752544403076,True,5.0,-0.4151974618434906
387,OPQ,8,8,False,0.6539878249168396,LabelMe,-0.9396932125091553,True,5.0,-0.391784131526947
388,OPQ,8,8,False,0.650137186050415,LabelMe,-0.5010608434677124,True,5.0,-0.39164838194847107
389,OPQ,8,8,False,0.6279456615447998,LabelMe,-0.5327844619750977,True,5.0,-0.4444757103919983
390,OPQ,8,8,False,0.6419271230697632,LabelMe,-0.6363986134529114,True,5.0,-0.20519599318504333
391,OPQ,8,8,False,0.6028056740760803,LabelMe,-0.887525200843811,True,5.0,-0.12582826614379883
392,OPQ,8,8,False,0.6368989944458008,LabelMe,-0.796053409576416,True,5.0,-0.3520568013191223
393,OPQ,8,8,False,0.6501222848892212,LabelMe,-0.04497194290161133,True,5.0,-0.007741719018667936
394,OPQ,8,8,False,0.6806855797767639,LabelMe,-0.8240303993225098,True,5.0,-0.08845624327659607
395,OPQ,8,8,False,0.6254212260246277,LabelMe,-0.9635758399963379,True,5.0,-0.06629230827093124
396,OPQ,8,8,False,0.6278139352798462,LabelMe,-0.11665648221969604,True,5.0,-0.09447503834962845
397,OPQ,8,8,False,0.6439331769943237,LabelMe,-2.7263684272766113,True,5.0,-0.03495946153998375
398,OPQ,8,8,False,0.6482433080673218,LabelMe,-0.7359921932220459,True,5.0,-0.28845059871673584
399,OPQ,8,8,False,0.6347833871841431,LabelMe,-0.15671169757843018,True,5.0,-0.13113075494766235
400,OPQ,8,8,False,0.6352009177207947,LabelMe,-1.0642280578613281,True,5.0,-0.6535417437553406
401,OPQ,8,8,False,0.6527661681175232,LabelMe,-0.5970858335494995,True,5.0,-0.00027427737950347364
402,OPQ,8,8,False,0.646186351776123,LabelMe,-2.034358024597168,True,5.0,-0.22230584919452667
403,OPQ,8,8,False,0.6284589767456055,LabelMe,-0.17989706993103027,True,5.0,-0.17259183526039124
404,OPQ,8,8,False,0.6507618427276611,LabelMe,-1.7183287143707275,True,5.0,-0.07778741419315338
405,OPQ,8,8,False,0.6307620406150818,LabelMe,-0.6166110038757324,True,5.0,-0.07062714546918869
406,OPQ,8,8,False,0.6629345417022705,LabelMe,-0.5957170724868774,True,5.0,-0.5538349747657776
407,OPQ,8,8,False,0.6484136581420898,LabelMe,-0.08285433053970337,True,5.0,-0.35785046219825745
408,OPQ,8,8,False,0.6390407681465149,LabelMe,0.003325939178466797,True,5.0,-0.33629193902015686
409,OPQ,8,8,False,0.6253451704978943,LabelMe,-0.32413721084594727,True,5.0,-0.34417253732681274
410,OPQ,8,8,False,0.6255862712860107,LabelMe,-2.1531920433044434,True,5.0,-0.5329618453979492
411,OPQ,8,8,False,0.659850537776947,LabelMe,-1.7225916385650635,True,5.0,-0.5650189518928528
412,OPQ,8,8,False,0.650775671005249,LabelMe,-0.9131777286529541,True,5.0,-0.5358218550682068
413,OPQ,8,8,False,0.6802098751068115,LabelMe,-0.16072571277618408,True,5.0,-0.28177207708358765
414,OPQ,8,8,False,0.6094285249710083,LabelMe,-0.18002843856811523,True,5.0,-0.14564983546733856
415,OPQ,8,8,False,0.6592279076576233,LabelMe,-1.0720502138137817,True,5.0,-0.44640055298805237
416,OPQ,8,8,False,0.6628569960594177,LabelMe,-0.12432312965393066,True,5.0,-0.5659008026123047
417,OPQ,8,8,False,0.6637541055679321,LabelMe,-2.374147415161133,True,5.0,-0.3432410657405853
418,OPQ,8,8,False,0.6683760285377502,LabelMe,-0.37778031826019287,True,5.0,-0.3740803599357605
419,OPQ,8,8,False,0.6606952548027039,LabelMe,-0.11337423324584961,True,5.0,-0.36109453439712524
420,OPQ,8,8,False,0.6358157992362976,LabelMe,-0.9142754077911377,True,5.0,-0.33479174971580505
421,OPQ,8,8,False,0.655443012714386,LabelMe,0.0006407201290130615,True,5.0,-0.3725573718547821
422,OPQ,8,8,False,0.6401621103286743,LabelMe,-0.3587336540222168,True,5.0,-0.17860887944698334
423,OPQ,8,8,False,0.641659677028656,LabelMe,-1.2999204397201538,True,5.0,-0.023654717952013016
424,OPQ,8,8,False,0.6611276865005493,LabelMe,-0.7913768291473389,True,5.0,-0.24283964931964874
425,OPQ,8,8,False,0.6709079742431641,LabelMe,-1.6171700954437256,True,5.0,-0.27454426884651184
426,OPQ,8,8,False,0.6437221765518188,LabelMe,-1.089357852935791,True,5.0,-0.13058805465698242
427,OPQ,8,8,False,0.6677886247634888,LabelMe,-3.2049975395202637,True,5.0,-0.06414619088172913
428,OPQ,8,8,False,0.6285346150398254,LabelMe,-1.105983018875122,True,5.0,-0.10080160200595856
429,OPQ,8,8,False,0.6464749574661255,LabelMe,-1.0733481645584106,True,5.0,-0.21819908916950226
430,OPQ,8,8,False,0.6575615406036377,LabelMe,-1.3550775051116943,True,5.0,-0.2850149869918823
431,OPQ,8,8,False,0.6167829632759094,LabelMe,-0.02121126651763916,True,5.0,-0.5659722685813904
432,OPQ,8,8,False,0.6039353013038635,LabelMe,-0.004608154296875,True,5.0,-0.39409705996513367
433,OPQ,8,8,False,0.6787014007568359,LabelMe,-1.1028754711151123,True,5.0,-0.2969382107257843
434,OPQ,8,8,False,0.6607218384742737,LabelMe,-0.5240750312805176,True,5.0,-0.26166868209838867
435,OPQ,8,8,False,0.6413531303405762,LabelMe,-0.1470472812652588,True,5.0,-0.03367337957024574
436,OPQ,8,8,False,0.6063138246536255,LabelMe,-1.8922276496887207,True,5.0,-0.0300337765365839
437,OPQ,8,8,False,0.6554526686668396,LabelMe,-1.1190457344055176,True,5.0,-0.03229575231671333
438,OPQ,8,8,False,0.6398112177848816,LabelMe,-0.12014460563659668,True,5.0,-0.2242397964000702
439,OPQ,8,8,False,0.6478995084762573,LabelMe,-0.0727454423904419,True,5.0,-0.5400699377059937
440,OPQ,8,8,False,0.6525090336799622,LabelMe,-0.7863811254501343,True,5.0,-0.19543735682964325
441,OPQ,8,8,False,0.6601802110671997,LabelMe,-0.16858810186386108,True,5.0,-0.10459877550601959
442,OPQ,8,8,False,0.6439515948295593,LabelMe,-0.6260236501693726,True,5.0,-0.5923683643341064
443,OPQ,8,8,False,0.6075232028961182,LabelMe,-0.6477203369140625,True,5.0,-0.20930986106395721
444,OPQ,8,8,False,0.5095043778419495,LabelMe,-0.8265845775604248,True,5.0,-0.5811374187469482
445,OPQ,8,8,False,0.6273034811019897,LabelMe,-1.214780330657959,True,5.0,-0.4393880367279053
446,OPQ,8,8,False,0.6587430238723755,LabelMe,-0.8655614852905273,True,5.0,-0.14422547817230225
447,OPQ,8,8,False,0.6285308599472046,LabelMe,-0.10030543804168701,True,5.0,-0.0038355702999979258
448,OPQ,8,8,False,0.6390947699546814,LabelMe,-1.7387852668762207,True,5.0,-0.0971011221408844
449,OPQ,8,8,False,0.6228609681129456,LabelMe,-1.1252859830856323,True,5.0,-0.09414048492908478
450,OPQ,8,8,False,0.6447333097457886,LabelMe,0.0379558801651001,True,5.0,-0.3397797644138336
451,OPQ,8,8,False,0.6528729200363159,LabelMe,-0.19334805011749268,True,5.0,-0.4090946912765503
452,OPQ,8,8,False,0.6597451567649841,LabelMe,-0.32495415210723877,True,5.0,-0.41612282395362854
453,OPQ,8,8,False,0.6267995238304138,LabelMe,-1.0661232471466064,True,5.0,-0.009074174799025059
454,OPQ,8,8,False,0.6417049169540405,LabelMe,-0.7210836410522461,True,5.0,-0.3677043616771698
455,OPQ,8,8,False,0.6353287696838379,LabelMe,-1.2825229167938232,True,5.0,-0.21989941596984863
456,OPQ,8,8,False,0.6011363863945007,LabelMe,-0.3928406238555908,True,5.0,-0.44436177611351013
457,OPQ,8,8,False,0.6296293139457703,LabelMe,-0.8277510404586792,True,5.0,-0.2859472334384918
458,OPQ,8,8,False,0.6304292678833008,LabelMe,-0.39411425590515137,True,5.0,-0.37174201011657715
459,OPQ,8,8,False,0.6537189483642578,LabelMe,-2.07615327835083,True,5.0,-0.5049147605895996
460,OPQ,8,8,False,0.6274983286857605,LabelMe,-1.4675153493881226,True,5.0,-0.22330239415168762
461,OPQ,8,8,False,0.6173675060272217,LabelMe,-1.5399233102798462,True,5.0,-0.6108599901199341
462,OPQ,8,8,False,0.6304206848144531,LabelMe,-0.09520280361175537,True,5.0,-0.25138646364212036
463,OPQ,8,8,False,0.6117106676101685,LabelMe,-0.3477644920349121,True,5.0,0.0030462313443422318
464,OPQ,8,8,False,0.644437849521637,LabelMe,-0.552104115486145,True,5.0,-0.158528670668602
465,OPQ,8,8,False,0.6372273564338684,LabelMe,-1.0461536645889282,True,5.0,-0.3477274179458618
466,OPQ,8,8,False,0.6300187110900879,LabelMe,-0.4282059669494629,True,5.0,-0.5575045943260193
467,OPQ,8,8,False,0.619634747505188,LabelMe,-0.6776570081710815,True,5.0,-0.30986878275871277
468,OPQ,8,8,False,0.6640596389770508,LabelMe,-0.4604456424713135,True,5.0,-0.34548449516296387
469,OPQ,8,8,False,0.632938802242279,LabelMe,-0.9803569316864014,True,5.0,-0.1786472648382187
470,OPQ,8,8,False,0.6776502728462219,LabelMe,-0.061118245124816895,True,5.0,-0.29239514470100403
471,OPQ,8,8,False,0.5968405604362488,LabelMe,-0.08133077621459961,True,5.0,-0.2452234923839569
472,OPQ,8,8,False,0.6395355463027954,LabelMe,-2.011723279953003,True,5.0,-0.08754152059555054
473,OPQ,8,8,False,0.6429532170295715,LabelMe,-0.12545299530029297,True,5.0,-0.051182135939598083
474,OPQ,8,8,False,0.577683687210083,LabelMe,-1.3274445533752441,True,5.0,-0.1388581544160843
475,OPQ,8,8,False,0.6534618735313416,LabelMe,-0.9459501504898071,True,5.0,-0.5524073243141174
476,OPQ,8,8,False,0.5997676849365234,LabelMe,-0.6928994655609131,True,5.0,-0.060437195003032684
477,OPQ,8,8,False,0.6395548582077026,LabelMe,-1.0650126934051514,True,5.0,-0.3572947084903717
478,OPQ,8,8,False,0.6328045129776001,LabelMe,-0.13470113277435303,True,5.0,-0.4610195457935333
479,OPQ,8,8,False,0.5343115329742432,LabelMe,-0.9370520114898682,True,5.0,-0.15129587054252625
480,OPQ,8,8,False,0.5919995307922363,LabelMe,-1.0968384742736816,True,5.0,-0.43093451857566833
481,OPQ,8,8,False,0.5496185421943665,LabelMe,-1.1389470100402832,True,5.0,-0.29030641913414
482,OPQ,8,8,False,0.5958887934684753,LabelMe,-0.4533660411834717,True,5.0,-0.4547724723815918
483,OPQ,8,8,False,0.5687167644500732,LabelMe,-0.7580526471138,True,5.0,-0.20576845109462738
484,OPQ,8,8,False,0.5661895275115967,LabelMe,-0.781018853187561,True,5.0,-0.2907414436340332
485,OPQ,8,8,False,0.5826213955879211,LabelMe,-0.5164436101913452,True,5.0,-0.050563424825668335
486,OPQ,8,8,False,0.43372687697410583,LabelMe,-0.7385115623474121,True,5.0,-0.008140938356518745
487,OPQ,8,8,False,0.5755745768547058,LabelMe,-0.9408736228942871,True,5.0,-0.1435072124004364
488,OPQ,8,8,False,0.5889483094215393,LabelMe,-0.19112151861190796,True,5.0,-0.051594384014606476
489,OPQ,8,8,False,0.5288751125335693,LabelMe,-2.0121819972991943,True,5.0,-0.46247056126594543
490,OPQ,8,8,False,0.6495471000671387,LabelMe,-1.4849882125854492,True,5.0,-0.2785204350948334
491,OPQ,8,8,False,0.6481492519378662,LabelMe,-0.12989425659179688,True,5.0,-0.1915627121925354
492,OPQ,8,8,False,0.6201319098472595,LabelMe,-0.9054136276245117,True,5.0,-0.08402769267559052
493,OPQ,8,8,False,0.6461893916130066,LabelMe,-1.0995306968688965,True,5.0,-0.18270495533943176
494,OPQ,8,8,False,0.6346206665039062,LabelMe,-0.6974098682403564,True,5.0,-0.2803465723991394
495,OPQ,8,8,False,0.6384277939796448,LabelMe,-0.837702751159668,True,5.0,-0.4483620226383209
496,OPQ,8,8,False,0.6403598785400391,LabelMe,-0.524545431137085,True,5.0,-0.20122382044792175
497,OPQ,8,8,False,0.6220831274986267,LabelMe,-0.9845361709594727,True,5.0,-0.512837827205658
498,OPQ,8,8,False,0.6181769967079163,LabelMe,-0.965221643447876,True,5.0,-0.17997749149799347
499,OPQ,8,8,False,0.6011912226676941,LabelMe,-0.43962395191192627,True,5.0,-0.2116323560476303
500,OPQ,8,8,False,0.5327776074409485,LabelMe,-0.4904494285583496,True,5.0,-0.5048494935035706
501,OPQ,8,8,False,0.593487560749054,LabelMe,-0.7577486038208008,True,5.0,-0.29108819365501404
502,OPQ,8,8,False,0.6121423244476318,LabelMe,-0.5991898775100708,True,5.0,-0.35714632272720337
503,OPQ,8,8,False,0.5959227085113525,LabelMe,-0.1541048288345337,True,5.0,-0.05819334834814072
504,OPQ,8,8,False,0.5797109007835388,LabelMe,-0.8270514011383057,True,5.0,-0.3156934976577759
505,OPQ,8,8,False,0.6075762510299683,LabelMe,-1.2447707653045654,True,5.0,-0.37687617540359497
506,OPQ,8,8,False,0.5661354660987854,LabelMe,-0.19610810279846191,True,5.0,-0.477694034576416
507,OPQ,8,8,False,0.5691252946853638,LabelMe,-0.9863355159759521,True,5.0,-0.28620144724845886
508,OPQ,8,8,False,0.6395275592803955,LabelMe,-1.3684031963348389,True,5.0,-0.4115327298641205
509,OPQ,8,8,False,0.6096928715705872,LabelMe,-1.6136152744293213,True,5.0,-0.08626983314752579
510,OPQ,8,8,False,0.6050389409065247,LabelMe,-0.3941061496734619,True,5.0,-0.39131784439086914
511,OPQ,8,8,False,0.5397270917892456,LabelMe,-0.023155808448791504,True,5.0,-0.2760809361934662
512,OPQ,8,16,False,0.6717745661735535,LabelMe,-0.24957168102264404,True,5.0,-0.21167105436325073
513,OPQ,8,16,False,0.6891177296638489,LabelMe,-1.4066693782806396,True,5.0,-0.09817861020565033
514,OPQ,8,16,False,0.647080659866333,LabelMe,-1.7589253187179565,True,5.0,-0.14037580788135529
515,OPQ,8,16,False,0.6714907884597778,LabelMe,-0.9563407897949219,True,5.0,-0.538825273513794
516,OPQ,8,16,False,0.6620301008224487,LabelMe,-1.0102808475494385,True,5.0,-0.4969746172428131
517,OPQ,8,16,False,0.6484328508377075,LabelMe,-0.10114669799804688,True,5.0,-0.3397921919822693
518,OPQ,8,16,False,0.6545116901397705,LabelMe,-1.1012496948242188,True,5.0,-0.3736990988254547
519,OPQ,8,16,False,0.6204507946968079,LabelMe,-0.15901446342468262,True,5.0,-0.15792407095432281
520,OPQ,8,16,False,0.6506746411323547,LabelMe,-0.5127110481262207,True,5.0,-0.4323180317878723
521,OPQ,8,16,False,0.6666680574417114,LabelMe,-0.23339474201202393,True,5.0,0.09135666489601135
522,OPQ,8,16,False,0.7016326785087585,LabelMe,-0.16731369495391846,True,5.0,-0.20434440672397614
523,OPQ,8,16,False,0.6431900858879089,LabelMe,0.017300546169281006,True,5.0,-0.4133092164993286
524,OPQ,8,16,False,0.6479836106300354,LabelMe,-0.687138557434082,True,5.0,-0.2561361491680145
525,OPQ,8,16,False,0.6636159420013428,LabelMe,-0.9531288146972656,True,5.0,-0.4155271351337433
526,OPQ,8,16,False,0.6646648049354553,LabelMe,-0.8462859392166138,True,5.0,-0.04982711374759674
527,OPQ,8,16,False,0.6517630815505981,LabelMe,-0.11565697193145752,True,5.0,-0.23251035809516907
528,OPQ,8,16,False,0.6543610692024231,LabelMe,-1.1534818410873413,True,5.0,-0.31464335322380066
529,OPQ,8,16,False,0.6722234487533569,LabelMe,-2.3218607902526855,True,5.0,-0.30984756350517273
530,OPQ,8,16,False,0.6655598878860474,LabelMe,-0.79524827003479,True,5.0,-0.24191920459270477
531,OPQ,8,16,False,0.6526236534118652,LabelMe,-0.8990826606750488,True,5.0,-0.09365198761224747
532,OPQ,8,16,False,0.6660560369491577,LabelMe,-0.16588163375854492,True,5.0,0.05545835942029953
533,OPQ,8,16,False,0.6502201557159424,LabelMe,-1.1686893701553345,True,5.0,-0.03615047037601471
534,OPQ,8,16,False,0.6829115152359009,LabelMe,0.1001896858215332,True,5.0,-0.4317058026790619
535,OPQ,8,16,False,0.6679657101631165,LabelMe,-0.9352660179138184,True,5.0,-0.4305914640426636
536,OPQ,8,16,False,0.6580620408058167,LabelMe,0.003527522087097168,True,5.0,-0.09920869767665863
537,OPQ,8,16,False,0.6402842402458191,LabelMe,-0.46747875213623047,True,5.0,0.02748349867761135
538,OPQ,8,16,False,0.6421113610267639,LabelMe,-0.12812316417694092,True,5.0,-0.14419013261795044
539,OPQ,8,16,False,0.6724901795387268,LabelMe,-1.8738172054290771,True,5.0,-0.1800115555524826
540,OPQ,8,16,False,0.6698803305625916,LabelMe,-0.21929144859313965,True,5.0,-0.3060525953769684
541,OPQ,8,16,False,0.696139395236969,LabelMe,-0.42065882682800293,True,5.0,-0.0897926613688469
542,OPQ,8,16,False,0.6232635378837585,LabelMe,-0.8992164134979248,True,5.0,-0.5202934145927429
543,OPQ,8,16,False,0.6760275363922119,LabelMe,-1.5563409328460693,True,5.0,0.010388077236711979
544,OPQ,8,16,False,0.6789811253547668,LabelMe,-0.4623556137084961,True,5.0,-0.2440221756696701
545,OPQ,8,16,False,0.6782833933830261,LabelMe,0.01998162269592285,True,5.0,-0.5108861327171326
546,OPQ,8,16,False,0.681097149848938,LabelMe,-0.22548425197601318,True,5.0,-0.3288644254207611
547,OPQ,8,16,False,0.6741786003112793,LabelMe,-1.561474323272705,True,5.0,-0.3227488696575165
548,OPQ,8,16,False,0.6562702655792236,LabelMe,-1.8324041366577148,True,5.0,-0.1167086735367775
549,OPQ,8,16,False,0.6776996850967407,LabelMe,-0.3965017795562744,True,5.0,-0.23985645174980164
550,OPQ,8,16,False,0.6568620204925537,LabelMe,-0.8467787504196167,True,5.0,-0.48896071314811707
551,OPQ,8,16,False,0.6623442769050598,LabelMe,-0.6301238536834717,True,5.0,-0.47022414207458496
552,OPQ,8,16,False,0.6780941486358643,LabelMe,-0.7155176401138306,True,5.0,-0.4730645716190338
553,OPQ,8,16,False,0.6836237907409668,LabelMe,-0.8650896549224854,True,5.0,-0.07436108589172363
554,OPQ,8,16,False,0.6615882515907288,LabelMe,-0.4564626216888428,True,5.0,-0.39096128940582275
555,OPQ,8,16,False,0.6824857592582703,LabelMe,-0.12178075313568115,True,5.0,-0.010298551060259342
556,OPQ,8,16,False,0.6436111927032471,LabelMe,-0.81522536277771,True,5.0,-0.07008698582649231
557,OPQ,8,16,False,0.664513111114502,LabelMe,-1.2361936569213867,True,5.0,-0.4305706322193146
558,OPQ,8,16,False,0.6714314222335815,LabelMe,-1.3768906593322754,True,5.0,0.026651909574866295
559,OPQ,8,16,False,0.6298771500587463,LabelMe,-0.04237496852874756,True,5.0,-0.015132729895412922
560,OPQ,8,16,False,0.6280465126037598,LabelMe,-0.20156192779541016,True,5.0,-0.2921113073825836
561,OPQ,8,16,False,0.6900262832641602,LabelMe,-0.5508967638015747,True,5.0,-0.30890610814094543
562,OPQ,8,16,False,0.675553560256958,LabelMe,-0.8932806253433228,True,5.0,-0.26233282685279846
563,OPQ,8,16,False,0.6613648533821106,LabelMe,-0.5069063901901245,True,5.0,-0.27096807956695557
564,OPQ,8,16,False,0.6270846128463745,LabelMe,-0.2537045478820801,True,5.0,-0.17266006767749786
565,OPQ,8,16,False,0.6699299216270447,LabelMe,-0.37550079822540283,True,5.0,-0.08201880753040314
566,OPQ,8,16,False,0.6617688536643982,LabelMe,-1.1208372116088867,True,5.0,-0.4477382004261017
567,OPQ,8,16,False,0.665208637714386,LabelMe,-1.305408239364624,True,5.0,-0.2411714643239975
568,OPQ,8,16,False,0.665964663028717,LabelMe,-1.158240556716919,True,5.0,-0.20732779800891876
569,OPQ,8,16,False,0.6751832365989685,LabelMe,0.020002365112304688,True,5.0,-0.4088204801082611
570,OPQ,8,16,False,0.6576364636421204,LabelMe,-0.815502405166626,True,5.0,-0.22749018669128418
571,OPQ,8,16,False,0.6211923360824585,LabelMe,-0.03604578971862793,True,5.0,-0.3285641074180603
572,OPQ,8,16,False,0.5642855167388916,LabelMe,-0.6004561185836792,True,5.0,-0.4587792754173279
573,OPQ,8,16,False,0.6454579830169678,LabelMe,-0.46696937084198,True,5.0,-0.22832494974136353
574,OPQ,8,16,False,0.6749004125595093,LabelMe,0.031018733978271484,True,5.0,-0.0017267183866351843
575,OPQ,8,16,False,0.6450525522232056,LabelMe,-0.5092923641204834,True,5.0,-0.35498178005218506
576,OPQ,8,16,False,0.6571691036224365,LabelMe,-0.058103322982788086,True,5.0,-0.4439891278743744
577,OPQ,8,16,False,0.6457409262657166,LabelMe,-0.11282050609588623,True,5.0,-0.37399715185165405
578,OPQ,8,16,False,0.6668675541877747,LabelMe,-0.30053770542144775,True,5.0,-0.30092546343803406
579,OPQ,8,16,False,0.670991837978363,LabelMe,-0.19340229034423828,True,5.0,-0.44524261355400085
580,OPQ,8,16,False,0.6771765947341919,LabelMe,-0.33830761909484863,True,5.0,-0.36561262607574463
581,OPQ,8,16,False,0.6482768654823303,LabelMe,-2.3772623538970947,True,5.0,-0.49228939414024353
582,OPQ,8,16,False,0.6580961346626282,LabelMe,-1.8579566478729248,True,5.0,0.03504769504070282
583,OPQ,8,16,False,0.6534560322761536,LabelMe,-0.009346723556518555,True,5.0,-0.23835743963718414
584,OPQ,8,16,False,0.6214686632156372,LabelMe,-0.45313072204589844,True,5.0,-0.4428313374519348
585,OPQ,8,16,False,0.6469153165817261,LabelMe,-1.4393528699874878,True,5.0,-0.16284647583961487
586,OPQ,8,16,False,0.6537883877754211,LabelMe,-0.7044322490692139,True,5.0,-0.2592090964317322
587,OPQ,8,16,False,0.6683640480041504,LabelMe,0.008465707302093506,True,5.0,-0.05435403808951378
588,OPQ,8,16,False,0.6493019461631775,LabelMe,0.04472172260284424,True,5.0,-0.26531463861465454
589,OPQ,8,16,False,0.6358695030212402,LabelMe,-0.7048213481903076,True,5.0,-0.2028777003288269
590,OPQ,8,16,False,0.6540660858154297,LabelMe,-1.8366882801055908,True,5.0,-0.23067164421081543
591,OPQ,8,16,False,0.6298696994781494,LabelMe,-0.19998431205749512,True,5.0,-0.390161395072937
592,OPQ,8,16,False,0.6640670895576477,LabelMe,-0.7079809904098511,True,5.0,-0.6194082498550415
593,OPQ,8,16,False,0.6572745442390442,LabelMe,-0.20683658123016357,True,5.0,-0.31785231828689575
594,OPQ,8,16,False,0.6522595286369324,LabelMe,-0.37094342708587646,True,5.0,-0.3154492974281311
595,OPQ,8,16,False,0.6457576751708984,LabelMe,-0.002460956573486328,True,5.0,-0.04368697106838226
596,OPQ,8,16,False,0.6863815784454346,LabelMe,0.024080932140350342,True,5.0,-0.04258224368095398
597,OPQ,8,16,False,0.6523280739784241,LabelMe,-0.47522878646850586,True,5.0,-0.006584018003195524
598,OPQ,8,16,False,0.6993153691291809,LabelMe,-2.241358757019043,True,5.0,-0.66712486743927
599,OPQ,8,16,False,0.6267626881599426,LabelMe,-1.638854742050171,True,5.0,-0.08337487280368805
600,OPQ,8,16,False,0.6619372963905334,LabelMe,-0.7150634527206421,True,5.0,-0.3554447293281555
601,OPQ,8,16,False,0.663439154624939,LabelMe,-0.020672857761383057,True,5.0,-0.09531892091035843
602,OPQ,8,16,False,0.6003304123878479,LabelMe,0.027364015579223633,True,5.0,-0.2824898362159729
603,OPQ,8,16,False,0.6714180707931519,LabelMe,-0.37246859073638916,True,5.0,-0.40215635299682617
604,OPQ,8,16,False,0.6182583570480347,LabelMe,-2.7684061527252197,True,5.0,-0.3375932574272156
605,OPQ,8,16,False,0.6607440114021301,LabelMe,-0.7958071231842041,True,5.0,-0.5642820596694946
606,OPQ,8,16,False,0.648991048336029,LabelMe,-0.7422870397567749,True,5.0,-0.3785896599292755
607,OPQ,8,16,False,0.5578855872154236,LabelMe,-0.0850902795791626,True,5.0,-0.30802014470100403
608,OPQ,8,16,False,0.6121582984924316,LabelMe,-0.919386625289917,True,5.0,-0.2828846573829651
609,OPQ,8,16,False,0.5744308829307556,LabelMe,-0.40689587593078613,True,5.0,-0.3795322775840759
610,OPQ,8,16,False,0.6167940497398376,LabelMe,-0.7817378044128418,True,5.0,-0.34291574358940125
611,OPQ,8,16,False,0.5959346890449524,LabelMe,-1.0833817720413208,True,5.0,-0.41439348459243774
612,OPQ,8,16,False,0.5931932926177979,LabelMe,-0.589470624923706,True,5.0,-0.3671117126941681
613,OPQ,8,16,False,0.6011738181114197,LabelMe,-0.886054515838623,True,5.0,-0.4196473956108093
614,OPQ,8,16,False,0.49901533126831055,LabelMe,-0.8288114070892334,True,5.0,-0.4582749009132385
615,OPQ,8,16,False,0.6001108884811401,LabelMe,-0.2100774049758911,True,5.0,-0.3698747754096985
616,OPQ,8,16,False,0.6182547807693481,LabelMe,-0.11726903915405273,True,5.0,-0.3508825898170471
617,OPQ,8,16,False,0.5604156851768494,LabelMe,-1.672379732131958,True,5.0,-0.1267947405576706
618,OPQ,8,16,False,0.6628826260566711,LabelMe,-2.000157117843628,True,5.0,-0.12342838943004608
619,OPQ,8,16,False,0.6715443730354309,LabelMe,-0.5177950859069824,True,5.0,-0.20884957909584045
620,OPQ,8,16,False,0.6467645168304443,LabelMe,-0.9648616313934326,True,5.0,-0.4263989329338074
621,OPQ,8,16,False,0.6624186038970947,LabelMe,-0.7498111724853516,True,5.0,-0.13710437715053558
622,OPQ,8,16,False,0.6511955261230469,LabelMe,-0.22640061378479004,True,5.0,-0.40388724207878113
623,OPQ,8,16,False,0.6581716537475586,LabelMe,-0.8519463539123535,True,5.0,-0.3768486976623535
624,OPQ,8,16,False,0.654849648475647,LabelMe,-1.0940611362457275,True,5.0,-0.4193657636642456
625,OPQ,8,16,False,0.638546347618103,LabelMe,-0.5387224555015564,True,5.0,-0.38471826910972595
626,OPQ,8,16,False,0.6337994933128357,LabelMe,-0.04226231575012207,True,5.0,-0.4374231994152069
627,OPQ,8,16,False,0.6248469352722168,LabelMe,-0.6433244943618774,True,5.0,-0.0202842578291893
628,OPQ,8,16,False,0.5726930499076843,LabelMe,-0.4516317844390869,True,5.0,-0.2768467664718628
629,OPQ,8,16,False,0.6189450621604919,LabelMe,-0.37702643871307373,True,5.0,-0.08725780248641968
630,OPQ,8,16,False,0.6346325874328613,LabelMe,0.04383671283721924,True,5.0,-0.22678694128990173
631,OPQ,8,16,False,0.6120696663856506,LabelMe,-1.1545193195343018,True,5.0,-0.31426337361335754
632,OPQ,8,16,False,0.6074589490890503,LabelMe,-0.8576605319976807,True,5.0,0.04551193490624428
633,OPQ,8,16,False,0.6290804147720337,LabelMe,-1.4145574569702148,True,5.0,-0.5181138515472412
634,OPQ,8,16,False,0.6041574478149414,LabelMe,-0.630750298500061,True,5.0,-0.0742664709687233
635,OPQ,8,16,False,0.6098471283912659,LabelMe,-0.9351687431335449,True,5.0,-0.18373647332191467
636,OPQ,8,16,False,0.6587600708007812,LabelMe,-2.1797714233398438,True,5.0,-0.5338467955589294
637,OPQ,8,16,False,0.6281788945198059,LabelMe,-0.9258605241775513,True,5.0,-0.2648787200450897
638,OPQ,8,16,False,0.6261177659034729,LabelMe,-0.3239389657974243,True,5.0,-0.4207388460636139
639,OPQ,8,16,False,0.5666586756706238,LabelMe,-1.065495252609253,True,5.0,-0.07639282196760178
640,OPQ,8,32,False,0.7174529433250427,LabelMe,-0.40519118309020996,True,5.0,-0.5197470188140869
641,OPQ,8,32,False,0.7287194132804871,LabelMe,-0.09625780582427979,True,5.0,-0.4579934775829315
642,OPQ,8,32,False,0.6942334771156311,LabelMe,-0.30486202239990234,True,5.0,-0.47246336936950684
643,OPQ,8,32,False,0.7151271104812622,LabelMe,-0.5207586288452148,True,5.0,-0.42316934466362
644,OPQ,8,32,False,0.7072232961654663,LabelMe,-0.11932480335235596,True,5.0,-0.05775507539510727
645,OPQ,8,32,False,0.6954572200775146,LabelMe,-0.55207359790802,True,5.0,-0.13798801600933075
646,OPQ,8,32,False,0.7018275260925293,LabelMe,-0.056471824645996094,True,5.0,-0.09346242249011993
647,OPQ,8,32,False,0.6731119155883789,LabelMe,-0.6322205066680908,True,5.0,-0.1258995682001114
648,OPQ,8,32,False,0.6996200084686279,LabelMe,-0.26874208450317383,True,5.0,-0.43741875886917114
649,OPQ,8,32,False,0.7133921980857849,LabelMe,-0.3871748447418213,True,5.0,-0.23416265845298767
650,OPQ,8,32,False,0.7403718829154968,LabelMe,-0.38593554496765137,True,5.0,-0.4594639241695404
651,OPQ,8,32,False,0.6932108998298645,LabelMe,-1.0641849040985107,True,5.0,-0.4333360493183136
652,OPQ,8,32,False,0.7001404762268066,LabelMe,-0.04147624969482422,True,5.0,-0.07205237448215485
653,OPQ,8,32,False,0.7114591002464294,LabelMe,-0.06308329105377197,True,5.0,-0.14060018956661224
654,OPQ,8,32,False,0.7100977301597595,LabelMe,-0.3579660654067993,True,5.0,-0.2120387703180313
655,OPQ,8,32,False,0.7028026580810547,LabelMe,-0.14861369132995605,True,5.0,-0.023380879312753677
656,OPQ,8,32,False,0.7027695775032043,LabelMe,0.05001723766326904,True,5.0,-0.2283284217119217
657,OPQ,8,32,False,0.7168064117431641,LabelMe,-0.17451977729797363,True,5.0,-0.2973550260066986
658,OPQ,8,32,False,0.7112419009208679,LabelMe,-0.11213529109954834,True,5.0,-0.3750283718109131
659,OPQ,8,32,False,0.700501024723053,LabelMe,-0.31854867935180664,True,5.0,-0.061855707317590714
660,OPQ,8,32,False,0.7129338383674622,LabelMe,-1.5380868911743164,True,5.0,-0.04915324226021767
661,OPQ,8,32,False,0.6997147798538208,LabelMe,-0.3761357069015503,True,5.0,0.0174268651753664
662,OPQ,8,32,False,0.7271837592124939,LabelMe,-0.7317204475402832,True,5.0,-0.10253660380840302
663,OPQ,8,32,False,0.7148092985153198,LabelMe,-1.090895175933838,True,5.0,-0.05157758295536041
664,OPQ,8,32,False,0.7033771872520447,LabelMe,-0.5493912696838379,True,5.0,-0.0031533779110759497
665,OPQ,8,32,False,0.690416157245636,LabelMe,-0.13529717922210693,True,5.0,-0.08723742514848709
666,OPQ,8,32,False,0.6897225379943848,LabelMe,-2.180799961090088,True,5.0,-0.28186407685279846
667,OPQ,8,32,False,0.7170734405517578,LabelMe,-0.6362149715423584,True,5.0,-0.3449805974960327
668,OPQ,8,32,False,0.7171817421913147,LabelMe,-1.7603442668914795,True,5.0,-0.06155666336417198
669,OPQ,8,32,False,0.7363823652267456,LabelMe,-0.17063355445861816,True,5.0,-0.1206297054886818
670,OPQ,8,32,False,0.6778241991996765,LabelMe,-0.5046975612640381,True,5.0,-0.25177428126335144
671,OPQ,8,32,False,0.720504105091095,LabelMe,-0.06231260299682617,True,5.0,-0.04719221219420433
672,OPQ,8,32,False,0.7235704064369202,LabelMe,-0.4333949089050293,True,5.0,-0.057413917034864426
673,OPQ,8,32,False,0.7239262461662292,LabelMe,-0.08910584449768066,True,5.0,-0.6334096193313599
674,OPQ,8,32,False,0.7243747711181641,LabelMe,-0.031186282634735107,True,5.0,-0.27084827423095703
675,OPQ,8,32,False,0.7201732397079468,LabelMe,-0.24420523643493652,True,5.0,-0.06702546775341034
676,OPQ,8,32,False,0.7047800421714783,LabelMe,-1.385042428970337,True,5.0,-0.3801886737346649
677,OPQ,8,32,False,0.7221826314926147,LabelMe,-0.04011130332946777,True,5.0,-0.303497850894928
678,OPQ,8,32,False,0.703262209892273,LabelMe,0.03516203165054321,True,5.0,-0.30588147044181824
679,OPQ,8,32,False,0.7067342400550842,LabelMe,-1.3750357627868652,True,5.0,-0.0601932592689991
680,OPQ,8,32,False,0.7204487323760986,LabelMe,-0.8699944019317627,True,5.0,-0.08826276659965515
681,OPQ,8,32,False,0.724176824092865,LabelMe,-0.018465816974639893,True,5.0,-0.19832664728164673
682,OPQ,8,32,False,0.7066829204559326,LabelMe,0.004598855972290039,True,5.0,-0.36699968576431274
683,OPQ,8,32,False,0.7277725338935852,LabelMe,-0.3708052635192871,True,5.0,-0.17614111304283142
684,OPQ,8,32,False,0.6929331421852112,LabelMe,-0.3296959400177002,True,5.0,-0.028211219236254692
685,OPQ,8,32,False,0.7100651860237122,LabelMe,-0.13681209087371826,True,5.0,-0.19320006668567657
686,OPQ,8,32,False,0.7167106866836548,LabelMe,-0.33927059173583984,True,5.0,-0.5038719177246094
687,OPQ,8,32,False,0.6821720004081726,LabelMe,-0.08355021476745605,True,5.0,0.021364698186516762
688,OPQ,8,32,False,0.6828768253326416,LabelMe,-1.6928962469100952,True,5.0,-0.2083880752325058
689,OPQ,8,32,False,0.7312412858009338,LabelMe,-0.051659345626831055,True,5.0,-0.07126294821500778
690,OPQ,8,32,False,0.7172254323959351,LabelMe,-0.6476773023605347,True,5.0,-0.1993180513381958
691,OPQ,8,32,False,0.7085480093955994,LabelMe,-0.7593265771865845,True,5.0,-0.3797946870326996
692,OPQ,8,32,False,0.6828762888908386,LabelMe,-1.1355016231536865,True,5.0,-0.41314277052879333
693,OPQ,8,32,False,0.7135149240493774,LabelMe,0.006708502769470215,True,5.0,-0.3337820768356323
694,OPQ,8,32,False,0.7114995718002319,LabelMe,-0.009447336196899414,True,5.0,-0.14665688574314117
695,OPQ,8,32,False,0.7135506868362427,LabelMe,-0.7174563407897949,True,5.0,-0.004056241828948259
696,OPQ,8,32,False,0.7117219567298889,LabelMe,0.011479616165161133,True,5.0,-0.13640037178993225
697,OPQ,8,32,False,0.718134880065918,LabelMe,0.02037125825881958,True,5.0,-0.006432570517063141
698,OPQ,8,32,False,0.7042335867881775,LabelMe,-0.0031309127807617188,True,5.0,-0.10162650793790817
699,OPQ,8,32,False,0.6740756630897522,LabelMe,-1.8589086532592773,True,5.0,-0.5051947236061096
700,OPQ,8,32,False,0.6316111087799072,LabelMe,-0.6859267950057983,True,5.0,-0.20141014456748962
701,OPQ,8,32,False,0.6935631036758423,LabelMe,-0.828048825263977,True,5.0,-0.38436922430992126
702,OPQ,8,32,False,0.7195702195167542,LabelMe,-0.014244556427001953,True,5.0,-0.004885348491370678
703,OPQ,8,32,False,0.6953243017196655,LabelMe,0.017641425132751465,True,5.0,-0.4408722519874573
704,OPQ,8,32,False,0.7065648436546326,LabelMe,-0.9520977735519409,True,5.0,-0.09940508753061295
705,OPQ,8,32,False,0.6974611878395081,LabelMe,-0.048756957054138184,True,5.0,-0.401356041431427
706,OPQ,8,32,False,0.7137980461120605,LabelMe,-0.9576058387756348,True,5.0,-0.10986115783452988
707,OPQ,8,32,False,0.7184211611747742,LabelMe,-0.17861413955688477,True,5.0,-0.055929068475961685
708,OPQ,8,32,False,0.7213138341903687,LabelMe,-0.14540410041809082,True,5.0,-0.48295944929122925
709,OPQ,8,32,False,0.7000225782394409,LabelMe,-0.7777755260467529,True,5.0,-0.3920948803424835
710,OPQ,8,32,False,0.7047207951545715,LabelMe,-0.7973014116287231,True,5.0,-0.3749823272228241
711,OPQ,8,32,False,0.6973625421524048,LabelMe,-0.753955602645874,True,5.0,-0.04950080066919327
712,OPQ,8,32,False,0.6735337376594543,LabelMe,0.028833866119384766,True,5.0,-0.4550040364265442
713,OPQ,8,32,False,0.694710373878479,LabelMe,-0.8527895212173462,True,5.0,-0.4937692880630493
714,OPQ,8,32,False,0.7030748128890991,LabelMe,-0.5237178802490234,True,5.0,0.021086199209094048
715,OPQ,8,32,False,0.7139800786972046,LabelMe,-0.46769046783447266,True,5.0,-0.28291258215904236
716,OPQ,8,32,False,0.6972257494926453,LabelMe,-0.5270380973815918,True,5.0,0.030518317595124245
717,OPQ,8,32,False,0.6875723600387573,LabelMe,-1.3350660800933838,True,5.0,-0.07264485210180283
718,OPQ,8,32,False,0.7014214992523193,LabelMe,-0.878232479095459,True,5.0,-0.4567405581474304
719,OPQ,8,32,False,0.6823760271072388,LabelMe,-0.2246856689453125,True,5.0,-0.3737565577030182
720,OPQ,8,32,False,0.711933970451355,LabelMe,-0.17240369319915771,True,5.0,-0.14203670620918274
721,OPQ,8,32,False,0.702281653881073,LabelMe,-0.24086856842041016,True,5.0,0.028307242318987846
722,OPQ,8,32,False,0.7003624439239502,LabelMe,0.010479450225830078,True,5.0,-0.34914153814315796
723,OPQ,8,32,False,0.6943723559379578,LabelMe,-0.625149130821228,True,5.0,-0.022320523858070374
724,OPQ,8,32,False,0.7267237901687622,LabelMe,-0.6852056980133057,True,5.0,-0.3940184414386749
725,OPQ,8,32,False,0.7035028338432312,LabelMe,-0.7472853660583496,True,5.0,-0.32157689332962036
726,OPQ,8,32,False,0.7391815185546875,LabelMe,-0.57112717628479,True,5.0,-0.27566125988960266
727,OPQ,8,32,False,0.6811767816543579,LabelMe,-0.41377758979797363,True,5.0,-0.14547057449817657
728,OPQ,8,32,False,0.7098587155342102,LabelMe,-0.3225463628768921,True,5.0,-0.18480373919010162
729,OPQ,8,32,False,0.7099401950836182,LabelMe,-0.48255670070648193,True,5.0,-0.04656039923429489
730,OPQ,8,32,False,0.6580889225006104,LabelMe,-0.16464412212371826,True,5.0,0.007225543726235628
731,OPQ,8,32,False,0.7140633463859558,LabelMe,-0.036505818367004395,True,5.0,-0.26346322894096375
732,OPQ,8,32,False,0.6721225380897522,LabelMe,-0.07468593120574951,True,5.0,-0.31667184829711914
733,OPQ,8,32,False,0.7093158960342407,LabelMe,-1.2040644884109497,True,5.0,-0.3194649815559387
734,OPQ,8,32,False,0.6997131109237671,LabelMe,-1.8839850425720215,True,5.0,-0.4307700991630554
735,OPQ,8,32,False,0.6280776262283325,LabelMe,0.0007959604263305664,True,5.0,-0.4612882137298584
736,OPQ,8,32,False,0.6654847264289856,LabelMe,0.032486677169799805,True,5.0,-0.258779376745224
737,OPQ,8,32,False,0.6383270621299744,LabelMe,-2.039100170135498,True,5.0,-0.3106611371040344
738,OPQ,8,32,False,0.6757193207740784,LabelMe,-0.8913300633430481,True,5.0,-0.1735946387052536
739,OPQ,8,32,False,0.6599259972572327,LabelMe,-0.1941523551940918,True,5.0,-0.27571627497673035
740,OPQ,8,32,False,0.655968964099884,LabelMe,-0.4182910919189453,True,5.0,0.03826947510242462
741,OPQ,8,32,False,0.6605041027069092,LabelMe,-0.11005043983459473,True,5.0,-0.4346461892127991
742,OPQ,8,32,False,0.5729279518127441,LabelMe,-0.7658350467681885,True,5.0,-0.24728065729141235
743,OPQ,8,32,False,0.6592046022415161,LabelMe,0.03527092933654785,True,5.0,-0.35286879539489746
744,OPQ,8,32,False,0.6677030324935913,LabelMe,-1.227089762687683,True,5.0,-0.04224511235952377
745,OPQ,8,32,False,0.6254573464393616,LabelMe,-0.30793166160583496,True,5.0,0.025134777650237083
746,OPQ,8,32,False,0.7081530690193176,LabelMe,-0.7904033660888672,True,5.0,-0.2588013708591461
747,OPQ,8,32,False,0.717246413230896,LabelMe,-0.22514081001281738,True,5.0,-0.021594777703285217
748,OPQ,8,32,False,0.695362389087677,LabelMe,-0.7050302028656006,True,5.0,-0.42188042402267456
749,OPQ,8,32,False,0.7064450979232788,LabelMe,-0.0030487775802612305,True,5.0,-0.18269915878772736
750,OPQ,8,32,False,0.7003586888313293,LabelMe,-0.012716054916381836,True,5.0,-0.32092711329460144
751,OPQ,8,32,False,0.7032943964004517,LabelMe,-0.44597864151000977,True,5.0,-0.5504879355430603
752,OPQ,8,32,False,0.7026275992393494,LabelMe,-0.02552562952041626,True,5.0,-0.1466897428035736
753,OPQ,8,32,False,0.6902951002120972,LabelMe,-1.3030784130096436,True,5.0,-0.18181589245796204
754,OPQ,8,32,False,0.687288761138916,LabelMe,-1.2042548656463623,True,5.0,-0.550946831703186
755,OPQ,8,32,False,0.677405595779419,LabelMe,-1.207709789276123,True,5.0,-0.0004139617085456848
756,OPQ,8,32,False,0.6395821571350098,LabelMe,-0.37132108211517334,True,5.0,-0.24207986891269684
757,OPQ,8,32,False,0.6719939708709717,LabelMe,-0.46007585525512695,True,5.0,-0.05502163991332054
758,OPQ,8,32,False,0.687370777130127,LabelMe,-0.9298186302185059,True,5.0,0.013837412931025028
759,OPQ,8,32,False,0.6714200973510742,LabelMe,-0.025732696056365967,True,5.0,-0.29005247354507446
760,OPQ,8,32,False,0.6686825156211853,LabelMe,-0.12531518936157227,True,5.0,-0.10810692608356476
761,OPQ,8,32,False,0.6858987212181091,LabelMe,-0.011904120445251465,True,5.0,-0.12385809421539307
762,OPQ,8,32,False,0.6668357849121094,LabelMe,0.034931182861328125,True,5.0,-0.15866079926490784
763,OPQ,8,32,False,0.6646835803985596,LabelMe,-0.6091190576553345,True,5.0,-0.3499380648136139
764,OPQ,8,32,False,0.7067911624908447,LabelMe,0.018668055534362793,True,5.0,-0.030413705855607986
765,OPQ,8,32,False,0.6806834936141968,LabelMe,-0.6358727216720581,True,5.0,-0.3892917037010193
766,OPQ,8,32,False,0.6801854372024536,LabelMe,-0.015096902847290039,True,5.0,-0.15336157381534576
767,OPQ,8,32,False,0.6336525678634644,LabelMe,-0.029915809631347656,True,5.0,-0.34423840045928955
